{"root":[{"assemblyName":"Fusion.Realtime","nameSpace":"Fusion.Photon.Realtime","className":"ConnectionHandler","methodName":"StaticReset","loadTypes":4,"isUnityClass":false},{"assemblyName":"Fusion.Runtime","nameSpace":"Fusion","className":"NetworkRunner","methodName":"ResetAllSimulationStatics","loadTypes":4,"isUnityClass":false},{"assemblyName":"Fusion.Runtime","nameSpace":"Fusion","className":"NetworkRunnerUpdaterDefault","methodName":"ClearStatics","loadTypes":0,"isUnityClass":false},{"assemblyName":"Fusion.Unity","nameSpace":"Fusion","className":"FusionRuntimeCheck","methodName":"RuntimeCheck","loadTypes":1,"isUnityClass":false},{"assemblyName":"Fusion.Unity","nameSpace":"Fusion","className":"FusionUnityLogger","methodName":"Initialize","loadTypes":4,"isUnityClass":false},{"assemblyName":"Fusion.Unity","nameSpace":"Fusion","className":"NetworkRunnerVisibilityExtensions","methodName":"ResetAllSimulationStatics","loadTypes":4,"isUnityClass":false},{"assemblyName":"Fusion.Unity","nameSpace":"Fusion","className":"FusionBasicBillboard","methodName":"ResetStatics","loadTypes":4,"isUnityClass":false},{"assemblyName":"Fusion.Unity","nameSpace":"Fusion","className":"NetworkSceneManagerDefault","methodName":"ClearStatics","loadTypes":4,"isUnityClass":false},{"assemblyName":"PhotonRealtime","nameSpace":"Photon.Realtime","className":"ConnectionHandler","methodName":"StaticReset","loadTypes":4,"isUnityClass":false},{"assemblyName":"Unity.VisualScripting.Core","nameSpace":"Unity.VisualScripting","className":"RuntimeVSUsageUtility","methodName":"RuntimeInitializeOnLoadBeforeSceneLoad","loadTypes":1,"isUnityClass":true}]}
